Booking ID,User ID,Trek Name,Location,Booking Status,Trek Start Date,Trek End Date,Booked on,No. of Participants
28,4,Beas Kund,Himachal Pradesh,Cancelled,2026-07-22,2026-07-25,2026-07-14 13:39:47,2
29,4,Rajmachi Fort,Maharashtra,Cancelled,2026-06-10,2026-06-13,2026-07-14 13:41:41,2
30,4,Dzongri Trek,Sikkim,Cancelled,2026-08-01,2026-08-05,2026-07-14 13:42:44,2
31,4,Rajmachi Fort,Maharashtra,Completed,2026-06-10,2026-06-13,2026-07-14 13:42:57,2
32,4,Pin Parvati Valley,Himachal Pradesh,Booked,2026-07-17,2026-07-19,2026-07-14 13:44:06,2
34,4,Beas Kund,Himachal Pradesh,Cancelled,2026-07-22,2026-07-25,2026-07-14 13:52:15,2
35,4,Dzongri Trek,Sikkim,Cancelled,2026-08-01,2026-08-05,2026-07-14 13:52:24,2
36,4,Dzongri Trek,Sikkim,Booked,2026-08-01,2026-08-05,2026-07-14 13:52:36,2
42,4,Beas Kund,Himachal Pradesh,Booked,2026-07-22,2026-07-25,2026-07-14 22:44:31,2
