Participant Name,DOB,Aadhar,Booked By,Payment Status,Booking Status
Shivani,2005-09-15,249471969134,Shivani,Pending,Cancelled
Shivani,2005-09-15,249471969134,Shivani,Refund,Cancelled
Akki,2003-12-21,603157392231,Shivani,Refund,Cancelled
Shivani,2005-09-15,249471969134,Shivani,Refund,Cancelled
Shivani,2005-09-15,249471969134,Shivani,Refund,Cancelled
Shivani,2005-09-15,249471969134,Shivani,Refund,Cancelled
Usha,2004-04-22,876543219812,Shivani,Refund,Cancelled
Shivani,2005-09-15,249471969134,Shivani,Paid,Booked
Sanjana,2004-11-24,826435142543,Shivani,Paid,Booked
Jyothi,1980-01-05,853814901227,Manjula,Refund,Cancelled
Ammamma,1956-08-10,123456789012,Manjula,Refund,Cancelled
Jyothi,1980-01-05,853814901227,Manjula,Pending,Cancelled
Ammamma,1956-08-10,123456789012,Manjula,Pending,Cancelled
Jyothi,1980-01-05,853814901227,Manjula,Pending,Booked
Ammamma,1956-08-10,123456789012,Manjula,Pending,Booked
